image_id,healthy,multiple_diseases,rust,scab
Test_0,0.27798520478576977,0.055918224638239394,0.35804084420252036,0.30805572637347045
Test_1,0.25967487972587117,0.05400203627506733,0.32939985036831176,0.35692323363074946
Test_2,0.21185167632811738,0.05124612409205992,0.3215284427722388,0.41537375680758354
Test_3,0.4093682938130468,0.041421916996664546,0.4014586311545276,0.14775115803576128
Test_4,0.14902729223220942,0.08162838094211407,0.32504710306503276,0.4442972237606438
Test_5,0.09923064364126401,0.0850698436013749,0.3126712302016665,0.5030282825556944
Test_6,0.1345662805375393,0.08381851489290419,0.32541056129139156,0.456204643278165
Test_7,0.27997493842003945,0.04225560503203296,0.32694172405853156,0.350827732489396
Test_8,0.14870378792148775,0.08379488578120113,0.3240030268745627,0.4434982994227486
Test_9,0.161531177169656,0.06166065684049971,0.30703662104520496,0.469771544944639
Test_10,0.35761200614474653,0.05033072741635849,0.3806687861330173,0.21138848030587767
Test_11,0.2738660645675485,0.07173917356678867,0.3413396781208011,0.313055083744862
Test_12,0.2986825831969056,0.04093400829977975,0.3459853107026843,0.31439809780063
Test_13,0.10443588657808166,0.08306037847039469,0.3387027136372023,0.473801021314321
Test_14,0.37102327549083725,0.037933211165167666,0.39421157224796005,0.19683194109603475
Test_15,0.20212744613529046,0.05383429220483036,0.3146328560432301,0.429405405616649
Test_16,0.24262202309354658,0.05510803895980286,0.3134698993137633,0.38880003863288737
Test_17,0.26974922286171094,0.04397387188333808,0.3393372432563571,0.34693966199859355
Test_18,0.3595099993412834,0.03765509747881292,0.3633890252858137,0.23944587789408994
Test_19,0.3304892225272199,0.03662870623803241,0.3456980791579397,0.2871839920768083
Test_20,0.07158873939075866,0.08485109616541749,0.32642419944952183,0.5171359649943025
Test_21,0.08591903525212216,0.08240083960731949,0.3269182573960536,0.5047618677445045
Test_22,0.30765003323576073,0.04398947655335912,0.355732530628227,0.2926279595826532
Test_23,0.18539581168817565,0.08279209521999034,0.3420464959974525,0.3897655970943813
Test_24,0.2043479689323034,0.06554744198077744,0.31962514583006424,0.4104794432568546
Test_25,0.36014651688624194,0.05604236799830653,0.3704059827261034,0.21340513238934816
Test_26,0.1569909294826234,0.07281161575695413,0.3134470029264014,0.4567504518340211
Test_27,0.23177690885116387,0.07407921179597385,0.34601378179989,0.34813009755297264
Test_28,0.3879319057381761,0.04175573603500427,0.4113661029834792,0.1589462552433405
Test_29,0.20311675831513348,0.06984604962877719,0.3278730274017678,0.3991641646543216
Test_30,0.18911863003318566,0.07935196751811847,0.33620758417344104,0.39532181827525464
Test_31,0.33071657946944855,0.04012458264706929,0.34939271654056875,0.27976612134291357
Test_32,0.19201999379100843,0.07169064362915574,0.3302984405400223,0.4059909220398138
Test_33,0.1734828784372995,0.06437889674953273,0.30892133100924113,0.4532168938039267
Test_34,0.08925704158806204,0.09221555169199552,0.3192002813070331,0.49932712541290913
Test_35,0.335004728418324,0.039386463268588856,0.35146733483136,0.2741414734817272
Test_36,0.35469259763482053,0.038440300160958604,0.3645243056219946,0.24234279658222632
Test_37,0.10131062491147612,0.08769775749159238,0.3428491942619908,0.4681424233349408
Test_38,0.09122181849993216,0.08381874055110033,0.3160675203480158,0.5088919206009521
Test_39,0.21509942277767138,0.04976366537424614,0.31874965047332354,0.41638726137475895
Test_40,0.288793245068088,0.047035010583849436,0.3445539483285547,0.3196177960195075
Test_41,0.3028600320521229,0.044089178071874964,0.3517083980703355,0.3013423918056664
Test_42,0.15344612019026835,0.06852841331597521,0.3189412477097105,0.45908421878404604
Test_43,0.08507190400722874,0.08707008209742213,0.3329390387606072,0.4949189751347421
Test_44,0.27752081668847456,0.041530152338738094,0.33001129132945184,0.35093773964333563
Test_45,0.2380483482771642,0.06090046686298795,0.3316174964663339,0.3694336883935138
Test_46,0.19429223787296523,0.0521265465405912,0.3144148602984212,0.4391663552880221
Test_47,0.2765252635808363,0.04548802350881328,0.32876480994012586,0.34922190297022465
Test_48,0.2699750401197947,0.04927140457043907,0.34187491024882966,0.33887864506093635
Test_49,0.3971412484611326,0.03857846235272969,0.403634873288249,0.16064541589788878
Test_50,0.3229316780482956,0.03798272665431545,0.3510682027553593,0.2880173925420297
Test_51,0.2524134097815833,0.05457142809822243,0.3251590688225129,0.3678560932976818
Test_52,0.32486149030802913,0.037168514697850104,0.33679160912549055,0.30117838586863
Test_53,0.27435893952522844,0.04375884378725844,0.3375595796691996,0.34432263701831356
Test_54,0.124789632282528,0.08391199957636743,0.33263272565234814,0.4586656424887564
Test_55,0.3837446813711674,0.047589232750123014,0.3894036720509356,0.17926241382777383
Test_56,0.18576008222832627,0.07609258955940204,0.34320844107860166,0.3949388871336698
Test_57,0.34328599813984984,0.050717083311511146,0.34872019026624207,0.2572767282823969
Test_58,0.12539471236188166,0.08458232334660366,0.342946796214582,0.4470761680769324
Test_59,0.3019489002039694,0.04617731166682863,0.34372067815002194,0.30815310997917994
Test_60,0.1609498857787029,0.07432059200420327,0.31911485801243855,0.44561466420465523
Test_61,0.3511209301750729,0.040344231167935715,0.35788775054629407,0.2506470881106973
Test_62,0.26141573380436106,0.06805097688384285,0.33807635428044747,0.33245693503134843
Test_63,0.14764666807422297,0.08302047507172015,0.33444604833310676,0.4348868085209503
Test_64,0.18607229219162455,0.0591046959131651,0.3047306073449074,0.4500924045503029
Test_65,0.2228240355827077,0.04425945693357757,0.30669939430536347,0.42621711317835137
Test_66,0.2879047994245579,0.04788824063421698,0.32420843723824583,0.3399985227029794
Test_67,0.30597674858130525,0.055153989791854784,0.3463207891326345,0.2925484724942055
Test_68,0.12439260648184865,0.08805634293152827,0.33535723953325686,0.4521938110533663
Test_69,0.26217382539415185,0.049307238386926994,0.3506069433218544,0.3379119928970668
Test_70,0.22956208276097317,0.06431434107710425,0.3300869324458095,0.3760366437161133
Test_71,0.2759846140544941,0.06074833234054006,0.3390304416887035,0.32423661191626224
Test_72,0.40430383077857823,0.04079560988565993,0.4115857668720519,0.14331479246370987
Test_73,0.3853865495303923,0.03940731517100375,0.3926675960242861,0.18253853927431787
Test_74,0.17658614281007098,0.06974705675260931,0.32518710755078123,0.4284796928865386
Test_75,0.24282763700486198,0.04989452472128109,0.32056638935963144,0.3867114489142253
Test_76,0.253086521563376,0.06562883681538005,0.3396618424128808,0.3416227992083629
Test_77,0.3865596527227622,0.052484757771041654,0.3947806793992065,0.1661749101069895
Test_78,0.31091608652895586,0.04724595762319388,0.34915936789593127,0.2926785879519191
Test_79,0.20836258923344436,0.06518731934907028,0.31248985535285434,0.41396023606463084
Test_80,0.06781753004606401,0.0874814831910474,0.3071638183837622,0.5375371683791265
Test_81,0.22189298924095768,0.06811903979634776,0.32941554552477403,0.38057242543792075
Test_82,0.24365843391955214,0.06298832653333117,0.33469538595915693,0.35865785358795976
Test_83,0.23982127661198263,0.05839640211839586,0.3320176040195924,0.36976471725002913
Test_84,0.16069003000828153,0.06298897992604545,0.2995598938785693,0.4767610961871034
Test_85,0.203235705877095,0.07356908221920115,0.3237875309881263,0.39940768091557766
Test_86,0.2177963508180371,0.04770504058026243,0.31702708203579144,0.417471526565909
Test_87,0.25014352961248504,0.04070683043671394,0.3327608018162433,0.37638883813455787
Test_88,0.3430481915361882,0.03456538825823654,0.32900394019807294,0.29338248000750233
Test_89,0.33581275534996363,0.042865518212819816,0.3647850343075821,0.2565366921296348
Test_90,0.26603436554699517,0.052839812262465834,0.334353137511916,0.34677268467862327
Test_91,0.3494658698857543,0.04061308908867626,0.3533448620958798,0.25657617892968926
Test_92,0.3937515494204993,0.04000306029464644,0.39511657303750847,0.17112881724734572
Test_93,0.17240529556807535,0.06541948290388955,0.32723836437770193,0.43493685715033314
Test_94,0.23233128241114143,0.05617204299617809,0.3264276183455809,0.3850690562470996
Test_95,0.14600761657058878,0.08719244207711568,0.3592250750446439,0.4075748663076517
Test_96,0.2679454899296249,0.07688730551736564,0.3532146992053015,0.301952505347708
Test_97,0.11480529020416422,0.0804622832742269,0.3471497968987878,0.45758262962282104
Test_98,0.29719059379955926,0.03978021157472555,0.3331007256541447,0.3299284689715703
Test_99,0.1619703202345902,0.06456132653520633,0.3223706220407959,0.4510977311894076
Test_100,0.25,0.25,0.25,0.25
Test_101,0.25,0.25,0.25,0.25
Test_102,0.25,0.25,0.25,0.25
Test_103,0.25,0.25,0.25,0.25
Test_104,0.25,0.25,0.25,0.25
Test_105,0.25,0.25,0.25,0.25
Test_106,0.25,0.25,0.25,0.25
Test_107,0.25,0.25,0.25,0.25
Test_108,0.25,0.25,0.25,0.25
Test_109,0.25,0.25,0.25,0.25
Test_110,0.25,0.25,0.25,0.25
Test_111,0.25,0.25,0.25,0.25
Test_112,0.25,0.25,0.25,0.25
Test_113,0.25,0.25,0.25,0.25
Test_114,0.25,0.25,0.25,0.25
Test_115,0.25,0.25,0.25,0.25
Test_116,0.25,0.25,0.25,0.25
Test_117,0.25,0.25,0.25,0.25
Test_118,0.25,0.25,0.25,0.25
Test_119,0.25,0.25,0.25,0.25
Test_120,0.25,0.25,0.25,0.25
Test_121,0.25,0.25,0.25,0.25
Test_122,0.25,0.25,0.25,0.25
Test_123,0.25,0.25,0.25,0.25
Test_124,0.25,0.25,0.25,0.25
Test_125,0.25,0.25,0.25,0.25
Test_126,0.25,0.25,0.25,0.25
Test_127,0.25,0.25,0.25,0.25
Test_128,0.25,0.25,0.25,0.25
Test_129,0.25,0.25,0.25,0.25
Test_130,0.25,0.25,0.25,0.25
Test_131,0.25,0.25,0.25,0.25
Test_132,0.25,0.25,0.25,0.25
Test_133,0.25,0.25,0.25,0.25
Test_134,0.25,0.25,0.25,0.25
Test_135,0.25,0.25,0.25,0.25
Test_136,0.25,0.25,0.25,0.25
Test_137,0.25,0.25,0.25,0.25
Test_138,0.25,0.25,0.25,0.25
Test_139,0.25,0.25,0.25,0.25
Test_140,0.25,0.25,0.25,0.25
Test_141,0.25,0.25,0.25,0.25
Test_142,0.25,0.25,0.25,0.25
Test_143,0.25,0.25,0.25,0.25
Test_144,0.25,0.25,0.25,0.25
Test_145,0.25,0.25,0.25,0.25
Test_146,0.25,0.25,0.25,0.25
Test_147,0.25,0.25,0.25,0.25
Test_148,0.25,0.25,0.25,0.25
Test_149,0.25,0.25,0.25,0.25
Test_150,0.25,0.25,0.25,0.25
Test_151,0.25,0.25,0.25,0.25
Test_152,0.25,0.25,0.25,0.25
Test_153,0.25,0.25,0.25,0.25
Test_154,0.25,0.25,0.25,0.25
Test_155,0.25,0.25,0.25,0.25
Test_156,0.25,0.25,0.25,0.25
Test_157,0.25,0.25,0.25,0.25
Test_158,0.25,0.25,0.25,0.25
Test_159,0.25,0.25,0.25,0.25
Test_160,0.25,0.25,0.25,0.25
Test_161,0.25,0.25,0.25,0.25
Test_162,0.25,0.25,0.25,0.25
Test_163,0.25,0.25,0.25,0.25
Test_164,0.25,0.25,0.25,0.25
Test_165,0.25,0.25,0.25,0.25
Test_166,0.25,0.25,0.25,0.25
Test_167,0.25,0.25,0.25,0.25
Test_168,0.25,0.25,0.25,0.25
Test_169,0.25,0.25,0.25,0.25
Test_170,0.25,0.25,0.25,0.25
Test_171,0.25,0.25,0.25,0.25
Test_172,0.25,0.25,0.25,0.25
Test_173,0.25,0.25,0.25,0.25
Test_174,0.25,0.25,0.25,0.25
Test_175,0.25,0.25,0.25,0.25
Test_176,0.25,0.25,0.25,0.25
Test_177,0.25,0.25,0.25,0.25
Test_178,0.25,0.25,0.25,0.25
Test_179,0.25,0.25,0.25,0.25
Test_180,0.25,0.25,0.25,0.25
Test_181,0.25,0.25,0.25,0.25
Test_182,0.25,0.25,0.25,0.25
Test_183,0.25,0.25,0.25,0.25
Test_184,0.25,0.25,0.25,0.25
Test_185,0.25,0.25,0.25,0.25
Test_186,0.25,0.25,0.25,0.25
Test_187,0.25,0.25,0.25,0.25
Test_188,0.25,0.25,0.25,0.25
Test_189,0.25,0.25,0.25,0.25
Test_190,0.25,0.25,0.25,0.25
Test_191,0.25,0.25,0.25,0.25
Test_192,0.25,0.25,0.25,0.25
Test_193,0.25,0.25,0.25,0.25
Test_194,0.25,0.25,0.25,0.25
Test_195,0.25,0.25,0.25,0.25
Test_196,0.25,0.25,0.25,0.25
Test_197,0.25,0.25,0.25,0.25
Test_198,0.25,0.25,0.25,0.25
Test_199,0.25,0.25,0.25,0.25
Test_200,0.25,0.25,0.25,0.25
Test_201,0.25,0.25,0.25,0.25
Test_202,0.25,0.25,0.25,0.25
Test_203,0.25,0.25,0.25,0.25
Test_204,0.25,0.25,0.25,0.25
Test_205,0.25,0.25,0.25,0.25
Test_206,0.25,0.25,0.25,0.25
Test_207,0.25,0.25,0.25,0.25
Test_208,0.25,0.25,0.25,0.25
Test_209,0.25,0.25,0.25,0.25
Test_210,0.25,0.25,0.25,0.25
Test_211,0.25,0.25,0.25,0.25
Test_212,0.25,0.25,0.25,0.25
Test_213,0.25,0.25,0.25,0.25
Test_214,0.25,0.25,0.25,0.25
Test_215,0.25,0.25,0.25,0.25
Test_216,0.25,0.25,0.25,0.25
Test_217,0.25,0.25,0.25,0.25
Test_218,0.25,0.25,0.25,0.25
Test_219,0.25,0.25,0.25,0.25
Test_220,0.25,0.25,0.25,0.25
Test_221,0.25,0.25,0.25,0.25
Test_222,0.25,0.25,0.25,0.25
Test_223,0.25,0.25,0.25,0.25
Test_224,0.25,0.25,0.25,0.25
Test_225,0.25,0.25,0.25,0.25
Test_226,0.25,0.25,0.25,0.25
Test_227,0.25,0.25,0.25,0.25
Test_228,0.25,0.25,0.25,0.25
Test_229,0.25,0.25,0.25,0.25
Test_230,0.25,0.25,0.25,0.25
Test_231,0.25,0.25,0.25,0.25
Test_232,0.25,0.25,0.25,0.25
Test_233,0.25,0.25,0.25,0.25
Test_234,0.25,0.25,0.25,0.25
Test_235,0.25,0.25,0.25,0.25
Test_236,0.25,0.25,0.25,0.25
Test_237,0.25,0.25,0.25,0.25
Test_238,0.25,0.25,0.25,0.25
Test_239,0.25,0.25,0.25,0.25
Test_240,0.25,0.25,0.25,0.25
Test_241,0.25,0.25,0.25,0.25
Test_242,0.25,0.25,0.25,0.25
Test_243,0.25,0.25,0.25,0.25
Test_244,0.25,0.25,0.25,0.25
Test_245,0.25,0.25,0.25,0.25
Test_246,0.25,0.25,0.25,0.25
Test_247,0.25,0.25,0.25,0.25
Test_248,0.25,0.25,0.25,0.25
Test_249,0.25,0.25,0.25,0.25
Test_250,0.25,0.25,0.25,0.25
Test_251,0.25,0.25,0.25,0.25
Test_252,0.25,0.25,0.25,0.25
Test_253,0.25,0.25,0.25,0.25
Test_254,0.25,0.25,0.25,0.25
Test_255,0.25,0.25,0.25,0.25
Test_256,0.25,0.25,0.25,0.25
Test_257,0.25,0.25,0.25,0.25
Test_258,0.25,0.25,0.25,0.25
Test_259,0.25,0.25,0.25,0.25
Test_260,0.25,0.25,0.25,0.25
Test_261,0.25,0.25,0.25,0.25
Test_262,0.25,0.25,0.25,0.25
Test_263,0.25,0.25,0.25,0.25
Test_264,0.25,0.25,0.25,0.25
Test_265,0.25,0.25,0.25,0.25
Test_266,0.25,0.25,0.25,0.25
Test_267,0.25,0.25,0.25,0.25
Test_268,0.25,0.25,0.25,0.25
Test_269,0.25,0.25,0.25,0.25
Test_270,0.25,0.25,0.25,0.25
Test_271,0.25,0.25,0.25,0.25
Test_272,0.25,0.25,0.25,0.25
Test_273,0.25,0.25,0.25,0.25
Test_274,0.25,0.25,0.25,0.25
Test_275,0.25,0.25,0.25,0.25
Test_276,0.25,0.25,0.25,0.25
Test_277,0.25,0.25,0.25,0.25
Test_278,0.25,0.25,0.25,0.25
Test_279,0.25,0.25,0.25,0.25
Test_280,0.25,0.25,0.25,0.25
Test_281,0.25,0.25,0.25,0.25
Test_282,0.25,0.25,0.25,0.25
Test_283,0.25,0.25,0.25,0.25
Test_284,0.25,0.25,0.25,0.25
Test_285,0.25,0.25,0.25,0.25
Test_286,0.25,0.25,0.25,0.25
Test_287,0.25,0.25,0.25,0.25
Test_288,0.25,0.25,0.25,0.25
Test_289,0.25,0.25,0.25,0.25
Test_290,0.25,0.25,0.25,0.25
Test_291,0.25,0.25,0.25,0.25
Test_292,0.25,0.25,0.25,0.25
Test_293,0.25,0.25,0.25,0.25
Test_294,0.25,0.25,0.25,0.25
Test_295,0.25,0.25,0.25,0.25
Test_296,0.25,0.25,0.25,0.25
Test_297,0.25,0.25,0.25,0.25
Test_298,0.25,0.25,0.25,0.25
Test_299,0.25,0.25,0.25,0.25
Test_300,0.25,0.25,0.25,0.25
Test_301,0.25,0.25,0.25,0.25
Test_302,0.25,0.25,0.25,0.25
Test_303,0.25,0.25,0.25,0.25
Test_304,0.25,0.25,0.25,0.25
Test_305,0.25,0.25,0.25,0.25
Test_306,0.25,0.25,0.25,0.25
Test_307,0.25,0.25,0.25,0.25
Test_308,0.25,0.25,0.25,0.25
Test_309,0.25,0.25,0.25,0.25
Test_310,0.25,0.25,0.25,0.25
Test_311,0.25,0.25,0.25,0.25
Test_312,0.25,0.25,0.25,0.25
Test_313,0.25,0.25,0.25,0.25
Test_314,0.25,0.25,0.25,0.25
Test_315,0.25,0.25,0.25,0.25
Test_316,0.25,0.25,0.25,0.25
Test_317,0.25,0.25,0.25,0.25
Test_318,0.25,0.25,0.25,0.25
Test_319,0.25,0.25,0.25,0.25
Test_320,0.25,0.25,0.25,0.25
Test_321,0.25,0.25,0.25,0.25
Test_322,0.25,0.25,0.25,0.25
Test_323,0.25,0.25,0.25,0.25
Test_324,0.25,0.25,0.25,0.25
Test_325,0.25,0.25,0.25,0.25
Test_326,0.25,0.25,0.25,0.25
Test_327,0.25,0.25,0.25,0.25
Test_328,0.25,0.25,0.25,0.25
Test_329,0.25,0.25,0.25,0.25
Test_330,0.25,0.25,0.25,0.25
Test_331,0.25,0.25,0.25,0.25
Test_332,0.25,0.25,0.25,0.25
Test_333,0.25,0.25,0.25,0.25
Test_334,0.25,0.25,0.25,0.25
Test_335,0.25,0.25,0.25,0.25
Test_336,0.25,0.25,0.25,0.25
Test_337,0.25,0.25,0.25,0.25
Test_338,0.25,0.25,0.25,0.25
Test_339,0.25,0.25,0.25,0.25
Test_340,0.25,0.25,0.25,0.25
Test_341,0.25,0.25,0.25,0.25
Test_342,0.25,0.25,0.25,0.25
Test_343,0.25,0.25,0.25,0.25
Test_344,0.25,0.25,0.25,0.25
Test_345,0.25,0.25,0.25,0.25
Test_346,0.25,0.25,0.25,0.25
Test_347,0.25,0.25,0.25,0.25
Test_348,0.25,0.25,0.25,0.25
Test_349,0.25,0.25,0.25,0.25
Test_350,0.25,0.25,0.25,0.25
Test_351,0.25,0.25,0.25,0.25
Test_352,0.25,0.25,0.25,0.25
Test_353,0.25,0.25,0.25,0.25
Test_354,0.25,0.25,0.25,0.25
Test_355,0.25,0.25,0.25,0.25
Test_356,0.25,0.25,0.25,0.25
Test_357,0.25,0.25,0.25,0.25
Test_358,0.25,0.25,0.25,0.25
Test_359,0.25,0.25,0.25,0.25
Test_360,0.25,0.25,0.25,0.25
Test_361,0.25,0.25,0.25,0.25
Test_362,0.25,0.25,0.25,0.25
Test_363,0.25,0.25,0.25,0.25
Test_364,0.25,0.25,0.25,0.25
Test_365,0.25,0.25,0.25,0.25
Test_366,0.25,0.25,0.25,0.25
Test_367,0.25,0.25,0.25,0.25
Test_368,0.25,0.25,0.25,0.25
Test_369,0.25,0.25,0.25,0.25
Test_370,0.25,0.25,0.25,0.25
Test_371,0.25,0.25,0.25,0.25
Test_372,0.25,0.25,0.25,0.25
Test_373,0.25,0.25,0.25,0.25
Test_374,0.25,0.25,0.25,0.25
Test_375,0.25,0.25,0.25,0.25
Test_376,0.25,0.25,0.25,0.25
Test_377,0.25,0.25,0.25,0.25
Test_378,0.25,0.25,0.25,0.25
Test_379,0.25,0.25,0.25,0.25
Test_380,0.25,0.25,0.25,0.25
Test_381,0.25,0.25,0.25,0.25
Test_382,0.25,0.25,0.25,0.25
Test_383,0.25,0.25,0.25,0.25
Test_384,0.25,0.25,0.25,0.25
Test_385,0.25,0.25,0.25,0.25
Test_386,0.25,0.25,0.25,0.25
Test_387,0.25,0.25,0.25,0.25
Test_388,0.25,0.25,0.25,0.25
Test_389,0.25,0.25,0.25,0.25
Test_390,0.25,0.25,0.25,0.25
Test_391,0.25,0.25,0.25,0.25
Test_392,0.25,0.25,0.25,0.25
Test_393,0.25,0.25,0.25,0.25
Test_394,0.25,0.25,0.25,0.25
Test_395,0.25,0.25,0.25,0.25
Test_396,0.25,0.25,0.25,0.25
Test_397,0.25,0.25,0.25,0.25
Test_398,0.25,0.25,0.25,0.25
Test_399,0.25,0.25,0.25,0.25
Test_400,0.25,0.25,0.25,0.25
Test_401,0.25,0.25,0.25,0.25
Test_402,0.25,0.25,0.25,0.25
Test_403,0.25,0.25,0.25,0.25
Test_404,0.25,0.25,0.25,0.25
Test_405,0.25,0.25,0.25,0.25
Test_406,0.25,0.25,0.25,0.25
Test_407,0.25,0.25,0.25,0.25
Test_408,0.25,0.25,0.25,0.25
Test_409,0.25,0.25,0.25,0.25
Test_410,0.25,0.25,0.25,0.25
Test_411,0.25,0.25,0.25,0.25
Test_412,0.25,0.25,0.25,0.25
Test_413,0.25,0.25,0.25,0.25
Test_414,0.25,0.25,0.25,0.25
Test_415,0.25,0.25,0.25,0.25
Test_416,0.25,0.25,0.25,0.25
Test_417,0.25,0.25,0.25,0.25
Test_418,0.25,0.25,0.25,0.25
Test_419,0.25,0.25,0.25,0.25
Test_420,0.25,0.25,0.25,0.25
Test_421,0.25,0.25,0.25,0.25
Test_422,0.25,0.25,0.25,0.25
Test_423,0.25,0.25,0.25,0.25
Test_424,0.25,0.25,0.25,0.25
Test_425,0.25,0.25,0.25,0.25
Test_426,0.25,0.25,0.25,0.25
Test_427,0.25,0.25,0.25,0.25
Test_428,0.25,0.25,0.25,0.25
Test_429,0.25,0.25,0.25,0.25
Test_430,0.25,0.25,0.25,0.25
Test_431,0.25,0.25,0.25,0.25
Test_432,0.25,0.25,0.25,0.25
Test_433,0.25,0.25,0.25,0.25
Test_434,0.25,0.25,0.25,0.25
Test_435,0.25,0.25,0.25,0.25
Test_436,0.25,0.25,0.25,0.25
Test_437,0.25,0.25,0.25,0.25
Test_438,0.25,0.25,0.25,0.25
Test_439,0.25,0.25,0.25,0.25
Test_440,0.25,0.25,0.25,0.25
Test_441,0.25,0.25,0.25,0.25
Test_442,0.25,0.25,0.25,0.25
Test_443,0.25,0.25,0.25,0.25
Test_444,0.25,0.25,0.25,0.25
Test_445,0.25,0.25,0.25,0.25
Test_446,0.25,0.25,0.25,0.25
Test_447,0.25,0.25,0.25,0.25
Test_448,0.25,0.25,0.25,0.25
Test_449,0.25,0.25,0.25,0.25
Test_450,0.25,0.25,0.25,0.25
Test_451,0.25,0.25,0.25,0.25
Test_452,0.25,0.25,0.25,0.25
Test_453,0.25,0.25,0.25,0.25
Test_454,0.25,0.25,0.25,0.25
Test_455,0.25,0.25,0.25,0.25
Test_456,0.25,0.25,0.25,0.25
Test_457,0.25,0.25,0.25,0.25
Test_458,0.25,0.25,0.25,0.25
Test_459,0.25,0.25,0.25,0.25
Test_460,0.25,0.25,0.25,0.25
Test_461,0.25,0.25,0.25,0.25
Test_462,0.25,0.25,0.25,0.25
Test_463,0.25,0.25,0.25,0.25
Test_464,0.25,0.25,0.25,0.25
Test_465,0.25,0.25,0.25,0.25
Test_466,0.25,0.25,0.25,0.25
Test_467,0.25,0.25,0.25,0.25
Test_468,0.25,0.25,0.25,0.25
Test_469,0.25,0.25,0.25,0.25
Test_470,0.25,0.25,0.25,0.25
Test_471,0.25,0.25,0.25,0.25
Test_472,0.25,0.25,0.25,0.25
Test_473,0.25,0.25,0.25,0.25
Test_474,0.25,0.25,0.25,0.25
Test_475,0.25,0.25,0.25,0.25
Test_476,0.25,0.25,0.25,0.25
Test_477,0.25,0.25,0.25,0.25
Test_478,0.25,0.25,0.25,0.25
Test_479,0.25,0.25,0.25,0.25
Test_480,0.25,0.25,0.25,0.25
Test_481,0.25,0.25,0.25,0.25
Test_482,0.25,0.25,0.25,0.25
Test_483,0.25,0.25,0.25,0.25
Test_484,0.25,0.25,0.25,0.25
Test_485,0.25,0.25,0.25,0.25
Test_486,0.25,0.25,0.25,0.25
Test_487,0.25,0.25,0.25,0.25
Test_488,0.25,0.25,0.25,0.25
Test_489,0.25,0.25,0.25,0.25
Test_490,0.25,0.25,0.25,0.25
Test_491,0.25,0.25,0.25,0.25
Test_492,0.25,0.25,0.25,0.25
Test_493,0.25,0.25,0.25,0.25
Test_494,0.25,0.25,0.25,0.25
Test_495,0.25,0.25,0.25,0.25
Test_496,0.25,0.25,0.25,0.25
Test_497,0.25,0.25,0.25,0.25
Test_498,0.25,0.25,0.25,0.25
Test_499,0.25,0.25,0.25,0.25
Test_500,0.25,0.25,0.25,0.25
Test_501,0.25,0.25,0.25,0.25
Test_502,0.25,0.25,0.25,0.25
Test_503,0.25,0.25,0.25,0.25
Test_504,0.25,0.25,0.25,0.25
Test_505,0.25,0.25,0.25,0.25
Test_506,0.25,0.25,0.25,0.25
Test_507,0.25,0.25,0.25,0.25
Test_508,0.25,0.25,0.25,0.25
Test_509,0.25,0.25,0.25,0.25
Test_510,0.25,0.25,0.25,0.25
Test_511,0.25,0.25,0.25,0.25
Test_512,0.25,0.25,0.25,0.25
Test_513,0.25,0.25,0.25,0.25
Test_514,0.25,0.25,0.25,0.25
Test_515,0.25,0.25,0.25,0.25
Test_516,0.25,0.25,0.25,0.25
Test_517,0.25,0.25,0.25,0.25
Test_518,0.25,0.25,0.25,0.25
Test_519,0.25,0.25,0.25,0.25
Test_520,0.25,0.25,0.25,0.25
Test_521,0.25,0.25,0.25,0.25
Test_522,0.25,0.25,0.25,0.25
Test_523,0.25,0.25,0.25,0.25
Test_524,0.25,0.25,0.25,0.25
Test_525,0.25,0.25,0.25,0.25
Test_526,0.25,0.25,0.25,0.25
Test_527,0.25,0.25,0.25,0.25
Test_528,0.25,0.25,0.25,0.25
Test_529,0.25,0.25,0.25,0.25
Test_530,0.25,0.25,0.25,0.25
Test_531,0.25,0.25,0.25,0.25
Test_532,0.25,0.25,0.25,0.25
Test_533,0.25,0.25,0.25,0.25
Test_534,0.25,0.25,0.25,0.25
Test_535,0.25,0.25,0.25,0.25
Test_536,0.25,0.25,0.25,0.25
Test_537,0.25,0.25,0.25,0.25
Test_538,0.25,0.25,0.25,0.25
Test_539,0.25,0.25,0.25,0.25
Test_540,0.25,0.25,0.25,0.25
Test_541,0.25,0.25,0.25,0.25
Test_542,0.25,0.25,0.25,0.25
Test_543,0.25,0.25,0.25,0.25
Test_544,0.25,0.25,0.25,0.25
Test_545,0.25,0.25,0.25,0.25
Test_546,0.25,0.25,0.25,0.25
Test_547,0.25,0.25,0.25,0.25
Test_548,0.25,0.25,0.25,0.25
Test_549,0.25,0.25,0.25,0.25
Test_550,0.25,0.25,0.25,0.25
Test_551,0.25,0.25,0.25,0.25
Test_552,0.25,0.25,0.25,0.25
Test_553,0.25,0.25,0.25,0.25
Test_554,0.25,0.25,0.25,0.25
Test_555,0.25,0.25,0.25,0.25
Test_556,0.25,0.25,0.25,0.25
Test_557,0.25,0.25,0.25,0.25
Test_558,0.25,0.25,0.25,0.25
Test_559,0.25,0.25,0.25,0.25
Test_560,0.25,0.25,0.25,0.25
Test_561,0.25,0.25,0.25,0.25
Test_562,0.25,0.25,0.25,0.25
Test_563,0.25,0.25,0.25,0.25
Test_564,0.25,0.25,0.25,0.25
Test_565,0.25,0.25,0.25,0.25
Test_566,0.25,0.25,0.25,0.25
Test_567,0.25,0.25,0.25,0.25
Test_568,0.25,0.25,0.25,0.25
Test_569,0.25,0.25,0.25,0.25
Test_570,0.25,0.25,0.25,0.25
Test_571,0.25,0.25,0.25,0.25
Test_572,0.25,0.25,0.25,0.25
Test_573,0.25,0.25,0.25,0.25
Test_574,0.25,0.25,0.25,0.25
Test_575,0.25,0.25,0.25,0.25
Test_576,0.25,0.25,0.25,0.25
Test_577,0.25,0.25,0.25,0.25
Test_578,0.25,0.25,0.25,0.25
Test_579,0.25,0.25,0.25,0.25
Test_580,0.25,0.25,0.25,0.25
Test_581,0.25,0.25,0.25,0.25
Test_582,0.25,0.25,0.25,0.25
Test_583,0.25,0.25,0.25,0.25
Test_584,0.25,0.25,0.25,0.25
Test_585,0.25,0.25,0.25,0.25
Test_586,0.25,0.25,0.25,0.25
Test_587,0.25,0.25,0.25,0.25
Test_588,0.25,0.25,0.25,0.25
Test_589,0.25,0.25,0.25,0.25
Test_590,0.25,0.25,0.25,0.25
Test_591,0.25,0.25,0.25,0.25
Test_592,0.25,0.25,0.25,0.25
Test_593,0.25,0.25,0.25,0.25
Test_594,0.25,0.25,0.25,0.25
Test_595,0.25,0.25,0.25,0.25
Test_596,0.25,0.25,0.25,0.25
Test_597,0.25,0.25,0.25,0.25
Test_598,0.25,0.25,0.25,0.25
Test_599,0.25,0.25,0.25,0.25
Test_600,0.25,0.25,0.25,0.25
Test_601,0.25,0.25,0.25,0.25
Test_602,0.25,0.25,0.25,0.25
Test_603,0.25,0.25,0.25,0.25
Test_604,0.25,0.25,0.25,0.25
Test_605,0.25,0.25,0.25,0.25
Test_606,0.25,0.25,0.25,0.25
Test_607,0.25,0.25,0.25,0.25
Test_608,0.25,0.25,0.25,0.25
Test_609,0.25,0.25,0.25,0.25
Test_610,0.25,0.25,0.25,0.25
Test_611,0.25,0.25,0.25,0.25
Test_612,0.25,0.25,0.25,0.25
Test_613,0.25,0.25,0.25,0.25
Test_614,0.25,0.25,0.25,0.25
Test_615,0.25,0.25,0.25,0.25
Test_616,0.25,0.25,0.25,0.25
Test_617,0.25,0.25,0.25,0.25
Test_618,0.25,0.25,0.25,0.25
Test_619,0.25,0.25,0.25,0.25
Test_620,0.25,0.25,0.25,0.25
Test_621,0.25,0.25,0.25,0.25
Test_622,0.25,0.25,0.25,0.25
Test_623,0.25,0.25,0.25,0.25
Test_624,0.25,0.25,0.25,0.25
Test_625,0.25,0.25,0.25,0.25
Test_626,0.25,0.25,0.25,0.25
Test_627,0.25,0.25,0.25,0.25
Test_628,0.25,0.25,0.25,0.25
Test_629,0.25,0.25,0.25,0.25
Test_630,0.25,0.25,0.25,0.25
Test_631,0.25,0.25,0.25,0.25
Test_632,0.25,0.25,0.25,0.25
Test_633,0.25,0.25,0.25,0.25
Test_634,0.25,0.25,0.25,0.25
Test_635,0.25,0.25,0.25,0.25
Test_636,0.25,0.25,0.25,0.25
Test_637,0.25,0.25,0.25,0.25
Test_638,0.25,0.25,0.25,0.25
Test_639,0.25,0.25,0.25,0.25
Test_640,0.25,0.25,0.25,0.25
Test_641,0.25,0.25,0.25,0.25
Test_642,0.25,0.25,0.25,0.25
Test_643,0.25,0.25,0.25,0.25
Test_644,0.25,0.25,0.25,0.25
Test_645,0.25,0.25,0.25,0.25
Test_646,0.25,0.25,0.25,0.25
Test_647,0.25,0.25,0.25,0.25
Test_648,0.25,0.25,0.25,0.25
Test_649,0.25,0.25,0.25,0.25
Test_650,0.25,0.25,0.25,0.25
Test_651,0.25,0.25,0.25,0.25
Test_652,0.25,0.25,0.25,0.25
Test_653,0.25,0.25,0.25,0.25
Test_654,0.25,0.25,0.25,0.25
Test_655,0.25,0.25,0.25,0.25
Test_656,0.25,0.25,0.25,0.25
Test_657,0.25,0.25,0.25,0.25
Test_658,0.25,0.25,0.25,0.25
Test_659,0.25,0.25,0.25,0.25
Test_660,0.25,0.25,0.25,0.25
Test_661,0.25,0.25,0.25,0.25
Test_662,0.25,0.25,0.25,0.25
Test_663,0.25,0.25,0.25,0.25
Test_664,0.25,0.25,0.25,0.25
Test_665,0.25,0.25,0.25,0.25
Test_666,0.25,0.25,0.25,0.25
Test_667,0.25,0.25,0.25,0.25
Test_668,0.25,0.25,0.25,0.25
Test_669,0.25,0.25,0.25,0.25
Test_670,0.25,0.25,0.25,0.25
Test_671,0.25,0.25,0.25,0.25
Test_672,0.25,0.25,0.25,0.25
Test_673,0.25,0.25,0.25,0.25
Test_674,0.25,0.25,0.25,0.25
Test_675,0.25,0.25,0.25,0.25
Test_676,0.25,0.25,0.25,0.25
Test_677,0.25,0.25,0.25,0.25
Test_678,0.25,0.25,0.25,0.25
Test_679,0.25,0.25,0.25,0.25
Test_680,0.25,0.25,0.25,0.25
Test_681,0.25,0.25,0.25,0.25
Test_682,0.25,0.25,0.25,0.25
Test_683,0.25,0.25,0.25,0.25
Test_684,0.25,0.25,0.25,0.25
Test_685,0.25,0.25,0.25,0.25
Test_686,0.25,0.25,0.25,0.25
Test_687,0.25,0.25,0.25,0.25
Test_688,0.25,0.25,0.25,0.25
Test_689,0.25,0.25,0.25,0.25
Test_690,0.25,0.25,0.25,0.25
Test_691,0.25,0.25,0.25,0.25
Test_692,0.25,0.25,0.25,0.25
Test_693,0.25,0.25,0.25,0.25
Test_694,0.25,0.25,0.25,0.25
Test_695,0.25,0.25,0.25,0.25
Test_696,0.25,0.25,0.25,0.25
Test_697,0.25,0.25,0.25,0.25
Test_698,0.25,0.25,0.25,0.25
Test_699,0.25,0.25,0.25,0.25
Test_700,0.25,0.25,0.25,0.25
Test_701,0.25,0.25,0.25,0.25
Test_702,0.25,0.25,0.25,0.25
Test_703,0.25,0.25,0.25,0.25
Test_704,0.25,0.25,0.25,0.25
Test_705,0.25,0.25,0.25,0.25
Test_706,0.25,0.25,0.25,0.25
Test_707,0.25,0.25,0.25,0.25
Test_708,0.25,0.25,0.25,0.25
Test_709,0.25,0.25,0.25,0.25
Test_710,0.25,0.25,0.25,0.25
Test_711,0.25,0.25,0.25,0.25
Test_712,0.25,0.25,0.25,0.25
Test_713,0.25,0.25,0.25,0.25
Test_714,0.25,0.25,0.25,0.25
Test_715,0.25,0.25,0.25,0.25
Test_716,0.25,0.25,0.25,0.25
Test_717,0.25,0.25,0.25,0.25
Test_718,0.25,0.25,0.25,0.25
Test_719,0.25,0.25,0.25,0.25
Test_720,0.25,0.25,0.25,0.25
Test_721,0.25,0.25,0.25,0.25
Test_722,0.25,0.25,0.25,0.25
Test_723,0.25,0.25,0.25,0.25
Test_724,0.25,0.25,0.25,0.25
Test_725,0.25,0.25,0.25,0.25
Test_726,0.25,0.25,0.25,0.25
Test_727,0.25,0.25,0.25,0.25
Test_728,0.25,0.25,0.25,0.25
Test_729,0.25,0.25,0.25,0.25
Test_730,0.25,0.25,0.25,0.25
Test_731,0.25,0.25,0.25,0.25
Test_732,0.25,0.25,0.25,0.25
Test_733,0.25,0.25,0.25,0.25
Test_734,0.25,0.25,0.25,0.25
Test_735,0.25,0.25,0.25,0.25
Test_736,0.25,0.25,0.25,0.25
Test_737,0.25,0.25,0.25,0.25
Test_738,0.25,0.25,0.25,0.25
Test_739,0.25,0.25,0.25,0.25
Test_740,0.25,0.25,0.25,0.25
Test_741,0.25,0.25,0.25,0.25
Test_742,0.25,0.25,0.25,0.25
Test_743,0.25,0.25,0.25,0.25
Test_744,0.25,0.25,0.25,0.25
Test_745,0.25,0.25,0.25,0.25
Test_746,0.25,0.25,0.25,0.25
Test_747,0.25,0.25,0.25,0.25
Test_748,0.25,0.25,0.25,0.25
Test_749,0.25,0.25,0.25,0.25
Test_750,0.25,0.25,0.25,0.25
Test_751,0.25,0.25,0.25,0.25
Test_752,0.25,0.25,0.25,0.25
Test_753,0.25,0.25,0.25,0.25
Test_754,0.25,0.25,0.25,0.25
Test_755,0.25,0.25,0.25,0.25
Test_756,0.25,0.25,0.25,0.25
Test_757,0.25,0.25,0.25,0.25
Test_758,0.25,0.25,0.25,0.25
Test_759,0.25,0.25,0.25,0.25
Test_760,0.25,0.25,0.25,0.25
Test_761,0.25,0.25,0.25,0.25
Test_762,0.25,0.25,0.25,0.25
Test_763,0.25,0.25,0.25,0.25
Test_764,0.25,0.25,0.25,0.25
Test_765,0.25,0.25,0.25,0.25
Test_766,0.25,0.25,0.25,0.25
Test_767,0.25,0.25,0.25,0.25
Test_768,0.25,0.25,0.25,0.25
Test_769,0.25,0.25,0.25,0.25
Test_770,0.25,0.25,0.25,0.25
Test_771,0.25,0.25,0.25,0.25
Test_772,0.25,0.25,0.25,0.25
Test_773,0.25,0.25,0.25,0.25
Test_774,0.25,0.25,0.25,0.25
Test_775,0.25,0.25,0.25,0.25
Test_776,0.25,0.25,0.25,0.25
Test_777,0.25,0.25,0.25,0.25
Test_778,0.25,0.25,0.25,0.25
Test_779,0.25,0.25,0.25,0.25
Test_780,0.25,0.25,0.25,0.25
Test_781,0.25,0.25,0.25,0.25
Test_782,0.25,0.25,0.25,0.25
Test_783,0.25,0.25,0.25,0.25
Test_784,0.25,0.25,0.25,0.25
Test_785,0.25,0.25,0.25,0.25
Test_786,0.25,0.25,0.25,0.25
Test_787,0.25,0.25,0.25,0.25
Test_788,0.25,0.25,0.25,0.25
Test_789,0.25,0.25,0.25,0.25
Test_790,0.25,0.25,0.25,0.25
Test_791,0.25,0.25,0.25,0.25
Test_792,0.25,0.25,0.25,0.25
Test_793,0.25,0.25,0.25,0.25
Test_794,0.25,0.25,0.25,0.25
Test_795,0.25,0.25,0.25,0.25
Test_796,0.25,0.25,0.25,0.25
Test_797,0.25,0.25,0.25,0.25
Test_798,0.25,0.25,0.25,0.25
Test_799,0.25,0.25,0.25,0.25
Test_800,0.25,0.25,0.25,0.25
Test_801,0.25,0.25,0.25,0.25
Test_802,0.25,0.25,0.25,0.25
Test_803,0.25,0.25,0.25,0.25
Test_804,0.25,0.25,0.25,0.25
Test_805,0.25,0.25,0.25,0.25
Test_806,0.25,0.25,0.25,0.25
Test_807,0.25,0.25,0.25,0.25
Test_808,0.25,0.25,0.25,0.25
Test_809,0.25,0.25,0.25,0.25
Test_810,0.25,0.25,0.25,0.25
Test_811,0.25,0.25,0.25,0.25
Test_812,0.25,0.25,0.25,0.25
Test_813,0.25,0.25,0.25,0.25
Test_814,0.25,0.25,0.25,0.25
Test_815,0.25,0.25,0.25,0.25
Test_816,0.25,0.25,0.25,0.25
Test_817,0.25,0.25,0.25,0.25
Test_818,0.25,0.25,0.25,0.25
Test_819,0.25,0.25,0.25,0.25
Test_820,0.25,0.25,0.25,0.25
Test_821,0.25,0.25,0.25,0.25
Test_822,0.25,0.25,0.25,0.25
Test_823,0.25,0.25,0.25,0.25
Test_824,0.25,0.25,0.25,0.25
Test_825,0.25,0.25,0.25,0.25
Test_826,0.25,0.25,0.25,0.25
Test_827,0.25,0.25,0.25,0.25
Test_828,0.25,0.25,0.25,0.25
Test_829,0.25,0.25,0.25,0.25
Test_830,0.25,0.25,0.25,0.25
Test_831,0.25,0.25,0.25,0.25
Test_832,0.25,0.25,0.25,0.25
Test_833,0.25,0.25,0.25,0.25
Test_834,0.25,0.25,0.25,0.25
Test_835,0.25,0.25,0.25,0.25
Test_836,0.25,0.25,0.25,0.25
Test_837,0.25,0.25,0.25,0.25
Test_838,0.25,0.25,0.25,0.25
Test_839,0.25,0.25,0.25,0.25
Test_840,0.25,0.25,0.25,0.25
Test_841,0.25,0.25,0.25,0.25
Test_842,0.25,0.25,0.25,0.25
Test_843,0.25,0.25,0.25,0.25
Test_844,0.25,0.25,0.25,0.25
Test_845,0.25,0.25,0.25,0.25
Test_846,0.25,0.25,0.25,0.25
Test_847,0.25,0.25,0.25,0.25
Test_848,0.25,0.25,0.25,0.25
Test_849,0.25,0.25,0.25,0.25
Test_850,0.25,0.25,0.25,0.25
Test_851,0.25,0.25,0.25,0.25
Test_852,0.25,0.25,0.25,0.25
Test_853,0.25,0.25,0.25,0.25
Test_854,0.25,0.25,0.25,0.25
Test_855,0.25,0.25,0.25,0.25
Test_856,0.25,0.25,0.25,0.25
Test_857,0.25,0.25,0.25,0.25
Test_858,0.25,0.25,0.25,0.25
Test_859,0.25,0.25,0.25,0.25
Test_860,0.25,0.25,0.25,0.25
Test_861,0.25,0.25,0.25,0.25
Test_862,0.25,0.25,0.25,0.25
Test_863,0.25,0.25,0.25,0.25
Test_864,0.25,0.25,0.25,0.25
Test_865,0.25,0.25,0.25,0.25
Test_866,0.25,0.25,0.25,0.25
Test_867,0.25,0.25,0.25,0.25
Test_868,0.25,0.25,0.25,0.25
Test_869,0.25,0.25,0.25,0.25
Test_870,0.25,0.25,0.25,0.25
Test_871,0.25,0.25,0.25,0.25
Test_872,0.25,0.25,0.25,0.25
Test_873,0.25,0.25,0.25,0.25
Test_874,0.25,0.25,0.25,0.25
Test_875,0.25,0.25,0.25,0.25
Test_876,0.25,0.25,0.25,0.25
Test_877,0.25,0.25,0.25,0.25
Test_878,0.25,0.25,0.25,0.25
Test_879,0.25,0.25,0.25,0.25
Test_880,0.25,0.25,0.25,0.25
Test_881,0.25,0.25,0.25,0.25
Test_882,0.25,0.25,0.25,0.25
Test_883,0.25,0.25,0.25,0.25
Test_884,0.25,0.25,0.25,0.25
Test_885,0.25,0.25,0.25,0.25
Test_886,0.25,0.25,0.25,0.25
Test_887,0.25,0.25,0.25,0.25
Test_888,0.25,0.25,0.25,0.25
Test_889,0.25,0.25,0.25,0.25
Test_890,0.25,0.25,0.25,0.25
Test_891,0.25,0.25,0.25,0.25
Test_892,0.25,0.25,0.25,0.25
Test_893,0.25,0.25,0.25,0.25
Test_894,0.25,0.25,0.25,0.25
Test_895,0.25,0.25,0.25,0.25
Test_896,0.25,0.25,0.25,0.25
Test_897,0.25,0.25,0.25,0.25
Test_898,0.25,0.25,0.25,0.25
Test_899,0.25,0.25,0.25,0.25
Test_900,0.25,0.25,0.25,0.25
Test_901,0.25,0.25,0.25,0.25
Test_902,0.25,0.25,0.25,0.25
Test_903,0.25,0.25,0.25,0.25
Test_904,0.25,0.25,0.25,0.25
Test_905,0.25,0.25,0.25,0.25
Test_906,0.25,0.25,0.25,0.25
Test_907,0.25,0.25,0.25,0.25
Test_908,0.25,0.25,0.25,0.25
Test_909,0.25,0.25,0.25,0.25
Test_910,0.25,0.25,0.25,0.25
Test_911,0.25,0.25,0.25,0.25
Test_912,0.25,0.25,0.25,0.25
Test_913,0.25,0.25,0.25,0.25
Test_914,0.25,0.25,0.25,0.25
Test_915,0.25,0.25,0.25,0.25
Test_916,0.25,0.25,0.25,0.25
Test_917,0.25,0.25,0.25,0.25
Test_918,0.25,0.25,0.25,0.25
Test_919,0.25,0.25,0.25,0.25
Test_920,0.25,0.25,0.25,0.25
Test_921,0.25,0.25,0.25,0.25
Test_922,0.25,0.25,0.25,0.25
Test_923,0.25,0.25,0.25,0.25
Test_924,0.25,0.25,0.25,0.25
Test_925,0.25,0.25,0.25,0.25
Test_926,0.25,0.25,0.25,0.25
Test_927,0.25,0.25,0.25,0.25
Test_928,0.25,0.25,0.25,0.25
Test_929,0.25,0.25,0.25,0.25
Test_930,0.25,0.25,0.25,0.25
Test_931,0.25,0.25,0.25,0.25
Test_932,0.25,0.25,0.25,0.25
Test_933,0.25,0.25,0.25,0.25
Test_934,0.25,0.25,0.25,0.25
Test_935,0.25,0.25,0.25,0.25
Test_936,0.25,0.25,0.25,0.25
Test_937,0.25,0.25,0.25,0.25
Test_938,0.25,0.25,0.25,0.25
Test_939,0.25,0.25,0.25,0.25
Test_940,0.25,0.25,0.25,0.25
Test_941,0.25,0.25,0.25,0.25
Test_942,0.25,0.25,0.25,0.25
Test_943,0.25,0.25,0.25,0.25
Test_944,0.25,0.25,0.25,0.25
Test_945,0.25,0.25,0.25,0.25
Test_946,0.25,0.25,0.25,0.25
Test_947,0.25,0.25,0.25,0.25
Test_948,0.25,0.25,0.25,0.25
Test_949,0.25,0.25,0.25,0.25
Test_950,0.25,0.25,0.25,0.25
Test_951,0.25,0.25,0.25,0.25
Test_952,0.25,0.25,0.25,0.25
Test_953,0.25,0.25,0.25,0.25
Test_954,0.25,0.25,0.25,0.25
Test_955,0.25,0.25,0.25,0.25
Test_956,0.25,0.25,0.25,0.25
Test_957,0.25,0.25,0.25,0.25
Test_958,0.25,0.25,0.25,0.25
Test_959,0.25,0.25,0.25,0.25
Test_960,0.25,0.25,0.25,0.25
Test_961,0.25,0.25,0.25,0.25
Test_962,0.25,0.25,0.25,0.25
Test_963,0.25,0.25,0.25,0.25
Test_964,0.25,0.25,0.25,0.25
Test_965,0.25,0.25,0.25,0.25
Test_966,0.25,0.25,0.25,0.25
Test_967,0.25,0.25,0.25,0.25
Test_968,0.25,0.25,0.25,0.25
Test_969,0.25,0.25,0.25,0.25
Test_970,0.25,0.25,0.25,0.25
Test_971,0.25,0.25,0.25,0.25
Test_972,0.25,0.25,0.25,0.25
Test_973,0.25,0.25,0.25,0.25
Test_974,0.25,0.25,0.25,0.25
Test_975,0.25,0.25,0.25,0.25
Test_976,0.25,0.25,0.25,0.25
Test_977,0.25,0.25,0.25,0.25
Test_978,0.25,0.25,0.25,0.25
Test_979,0.25,0.25,0.25,0.25
Test_980,0.25,0.25,0.25,0.25
Test_981,0.25,0.25,0.25,0.25
Test_982,0.25,0.25,0.25,0.25
Test_983,0.25,0.25,0.25,0.25
Test_984,0.25,0.25,0.25,0.25
Test_985,0.25,0.25,0.25,0.25
Test_986,0.25,0.25,0.25,0.25
Test_987,0.25,0.25,0.25,0.25
Test_988,0.25,0.25,0.25,0.25
Test_989,0.25,0.25,0.25,0.25
Test_990,0.25,0.25,0.25,0.25
Test_991,0.25,0.25,0.25,0.25
Test_992,0.25,0.25,0.25,0.25
Test_993,0.25,0.25,0.25,0.25
Test_994,0.25,0.25,0.25,0.25
Test_995,0.25,0.25,0.25,0.25
Test_996,0.25,0.25,0.25,0.25
Test_997,0.25,0.25,0.25,0.25
Test_998,0.25,0.25,0.25,0.25
Test_999,0.25,0.25,0.25,0.25
Test_1000,0.25,0.25,0.25,0.25
Test_1001,0.25,0.25,0.25,0.25
Test_1002,0.25,0.25,0.25,0.25
Test_1003,0.25,0.25,0.25,0.25
Test_1004,0.25,0.25,0.25,0.25
Test_1005,0.25,0.25,0.25,0.25
Test_1006,0.25,0.25,0.25,0.25
Test_1007,0.25,0.25,0.25,0.25
Test_1008,0.25,0.25,0.25,0.25
Test_1009,0.25,0.25,0.25,0.25
Test_1010,0.25,0.25,0.25,0.25
Test_1011,0.25,0.25,0.25,0.25
Test_1012,0.25,0.25,0.25,0.25
Test_1013,0.25,0.25,0.25,0.25
Test_1014,0.25,0.25,0.25,0.25
Test_1015,0.25,0.25,0.25,0.25
Test_1016,0.25,0.25,0.25,0.25
Test_1017,0.25,0.25,0.25,0.25
Test_1018,0.25,0.25,0.25,0.25
Test_1019,0.25,0.25,0.25,0.25
Test_1020,0.25,0.25,0.25,0.25
Test_1021,0.25,0.25,0.25,0.25
Test_1022,0.25,0.25,0.25,0.25
Test_1023,0.25,0.25,0.25,0.25
Test_1024,0.25,0.25,0.25,0.25
Test_1025,0.25,0.25,0.25,0.25
Test_1026,0.25,0.25,0.25,0.25
Test_1027,0.25,0.25,0.25,0.25
Test_1028,0.25,0.25,0.25,0.25
Test_1029,0.25,0.25,0.25,0.25
Test_1030,0.25,0.25,0.25,0.25
Test_1031,0.25,0.25,0.25,0.25
Test_1032,0.25,0.25,0.25,0.25
Test_1033,0.25,0.25,0.25,0.25
Test_1034,0.25,0.25,0.25,0.25
Test_1035,0.25,0.25,0.25,0.25
Test_1036,0.25,0.25,0.25,0.25
Test_1037,0.25,0.25,0.25,0.25
Test_1038,0.25,0.25,0.25,0.25
Test_1039,0.25,0.25,0.25,0.25
Test_1040,0.25,0.25,0.25,0.25
Test_1041,0.25,0.25,0.25,0.25
Test_1042,0.25,0.25,0.25,0.25
Test_1043,0.25,0.25,0.25,0.25
Test_1044,0.25,0.25,0.25,0.25
Test_1045,0.25,0.25,0.25,0.25
Test_1046,0.25,0.25,0.25,0.25
Test_1047,0.25,0.25,0.25,0.25
Test_1048,0.25,0.25,0.25,0.25
Test_1049,0.25,0.25,0.25,0.25
Test_1050,0.25,0.25,0.25,0.25
Test_1051,0.25,0.25,0.25,0.25
Test_1052,0.25,0.25,0.25,0.25
Test_1053,0.25,0.25,0.25,0.25
Test_1054,0.25,0.25,0.25,0.25
Test_1055,0.25,0.25,0.25,0.25
Test_1056,0.25,0.25,0.25,0.25
Test_1057,0.25,0.25,0.25,0.25
Test_1058,0.25,0.25,0.25,0.25
Test_1059,0.25,0.25,0.25,0.25
Test_1060,0.25,0.25,0.25,0.25
Test_1061,0.25,0.25,0.25,0.25
Test_1062,0.25,0.25,0.25,0.25
Test_1063,0.25,0.25,0.25,0.25
Test_1064,0.25,0.25,0.25,0.25
Test_1065,0.25,0.25,0.25,0.25
Test_1066,0.25,0.25,0.25,0.25
Test_1067,0.25,0.25,0.25,0.25
Test_1068,0.25,0.25,0.25,0.25
Test_1069,0.25,0.25,0.25,0.25
Test_1070,0.25,0.25,0.25,0.25
Test_1071,0.25,0.25,0.25,0.25
Test_1072,0.25,0.25,0.25,0.25
Test_1073,0.25,0.25,0.25,0.25
Test_1074,0.25,0.25,0.25,0.25
Test_1075,0.25,0.25,0.25,0.25
Test_1076,0.25,0.25,0.25,0.25
Test_1077,0.25,0.25,0.25,0.25
Test_1078,0.25,0.25,0.25,0.25
Test_1079,0.25,0.25,0.25,0.25
Test_1080,0.25,0.25,0.25,0.25
Test_1081,0.25,0.25,0.25,0.25
Test_1082,0.25,0.25,0.25,0.25
Test_1083,0.25,0.25,0.25,0.25
Test_1084,0.25,0.25,0.25,0.25
Test_1085,0.25,0.25,0.25,0.25
Test_1086,0.25,0.25,0.25,0.25
Test_1087,0.25,0.25,0.25,0.25
Test_1088,0.25,0.25,0.25,0.25
Test_1089,0.25,0.25,0.25,0.25
Test_1090,0.25,0.25,0.25,0.25
Test_1091,0.25,0.25,0.25,0.25
Test_1092,0.25,0.25,0.25,0.25
Test_1093,0.25,0.25,0.25,0.25
Test_1094,0.25,0.25,0.25,0.25
Test_1095,0.25,0.25,0.25,0.25
Test_1096,0.25,0.25,0.25,0.25
Test_1097,0.25,0.25,0.25,0.25
Test_1098,0.25,0.25,0.25,0.25
Test_1099,0.25,0.25,0.25,0.25
Test_1100,0.25,0.25,0.25,0.25
Test_1101,0.25,0.25,0.25,0.25
Test_1102,0.25,0.25,0.25,0.25
Test_1103,0.25,0.25,0.25,0.25
Test_1104,0.25,0.25,0.25,0.25
Test_1105,0.25,0.25,0.25,0.25
Test_1106,0.25,0.25,0.25,0.25
Test_1107,0.25,0.25,0.25,0.25
Test_1108,0.25,0.25,0.25,0.25
Test_1109,0.25,0.25,0.25,0.25
Test_1110,0.25,0.25,0.25,0.25
Test_1111,0.25,0.25,0.25,0.25
Test_1112,0.25,0.25,0.25,0.25
Test_1113,0.25,0.25,0.25,0.25
Test_1114,0.25,0.25,0.25,0.25
Test_1115,0.25,0.25,0.25,0.25
Test_1116,0.25,0.25,0.25,0.25
Test_1117,0.25,0.25,0.25,0.25
Test_1118,0.25,0.25,0.25,0.25
Test_1119,0.25,0.25,0.25,0.25
Test_1120,0.25,0.25,0.25,0.25
Test_1121,0.25,0.25,0.25,0.25
Test_1122,0.25,0.25,0.25,0.25
Test_1123,0.25,0.25,0.25,0.25
Test_1124,0.25,0.25,0.25,0.25
Test_1125,0.25,0.25,0.25,0.25
Test_1126,0.25,0.25,0.25,0.25
Test_1127,0.25,0.25,0.25,0.25
Test_1128,0.25,0.25,0.25,0.25
Test_1129,0.25,0.25,0.25,0.25
Test_1130,0.25,0.25,0.25,0.25
Test_1131,0.25,0.25,0.25,0.25
Test_1132,0.25,0.25,0.25,0.25
Test_1133,0.25,0.25,0.25,0.25
Test_1134,0.25,0.25,0.25,0.25
Test_1135,0.25,0.25,0.25,0.25
Test_1136,0.25,0.25,0.25,0.25
Test_1137,0.25,0.25,0.25,0.25
Test_1138,0.25,0.25,0.25,0.25
Test_1139,0.25,0.25,0.25,0.25
Test_1140,0.25,0.25,0.25,0.25
Test_1141,0.25,0.25,0.25,0.25
Test_1142,0.25,0.25,0.25,0.25
Test_1143,0.25,0.25,0.25,0.25
Test_1144,0.25,0.25,0.25,0.25
Test_1145,0.25,0.25,0.25,0.25
Test_1146,0.25,0.25,0.25,0.25
Test_1147,0.25,0.25,0.25,0.25
Test_1148,0.25,0.25,0.25,0.25
Test_1149,0.25,0.25,0.25,0.25
Test_1150,0.25,0.25,0.25,0.25
Test_1151,0.25,0.25,0.25,0.25
Test_1152,0.25,0.25,0.25,0.25
Test_1153,0.25,0.25,0.25,0.25
Test_1154,0.25,0.25,0.25,0.25
Test_1155,0.25,0.25,0.25,0.25
Test_1156,0.25,0.25,0.25,0.25
Test_1157,0.25,0.25,0.25,0.25
Test_1158,0.25,0.25,0.25,0.25
Test_1159,0.25,0.25,0.25,0.25
Test_1160,0.25,0.25,0.25,0.25
Test_1161,0.25,0.25,0.25,0.25
Test_1162,0.25,0.25,0.25,0.25
Test_1163,0.25,0.25,0.25,0.25
Test_1164,0.25,0.25,0.25,0.25
Test_1165,0.25,0.25,0.25,0.25
Test_1166,0.25,0.25,0.25,0.25
Test_1167,0.25,0.25,0.25,0.25
Test_1168,0.25,0.25,0.25,0.25
Test_1169,0.25,0.25,0.25,0.25
Test_1170,0.25,0.25,0.25,0.25
Test_1171,0.25,0.25,0.25,0.25
Test_1172,0.25,0.25,0.25,0.25
Test_1173,0.25,0.25,0.25,0.25
Test_1174,0.25,0.25,0.25,0.25
Test_1175,0.25,0.25,0.25,0.25
Test_1176,0.25,0.25,0.25,0.25
Test_1177,0.25,0.25,0.25,0.25
Test_1178,0.25,0.25,0.25,0.25
Test_1179,0.25,0.25,0.25,0.25
Test_1180,0.25,0.25,0.25,0.25
Test_1181,0.25,0.25,0.25,0.25
Test_1182,0.25,0.25,0.25,0.25
Test_1183,0.25,0.25,0.25,0.25
Test_1184,0.25,0.25,0.25,0.25
Test_1185,0.25,0.25,0.25,0.25
Test_1186,0.25,0.25,0.25,0.25
Test_1187,0.25,0.25,0.25,0.25
Test_1188,0.25,0.25,0.25,0.25
Test_1189,0.25,0.25,0.25,0.25
Test_1190,0.25,0.25,0.25,0.25
Test_1191,0.25,0.25,0.25,0.25
Test_1192,0.25,0.25,0.25,0.25
Test_1193,0.25,0.25,0.25,0.25
Test_1194,0.25,0.25,0.25,0.25
Test_1195,0.25,0.25,0.25,0.25
Test_1196,0.25,0.25,0.25,0.25
Test_1197,0.25,0.25,0.25,0.25
Test_1198,0.25,0.25,0.25,0.25
Test_1199,0.25,0.25,0.25,0.25
Test_1200,0.25,0.25,0.25,0.25
Test_1201,0.25,0.25,0.25,0.25
Test_1202,0.25,0.25,0.25,0.25
Test_1203,0.25,0.25,0.25,0.25
Test_1204,0.25,0.25,0.25,0.25
Test_1205,0.25,0.25,0.25,0.25
Test_1206,0.25,0.25,0.25,0.25
Test_1207,0.25,0.25,0.25,0.25
Test_1208,0.25,0.25,0.25,0.25
Test_1209,0.25,0.25,0.25,0.25
Test_1210,0.25,0.25,0.25,0.25
Test_1211,0.25,0.25,0.25,0.25
Test_1212,0.25,0.25,0.25,0.25
Test_1213,0.25,0.25,0.25,0.25
Test_1214,0.25,0.25,0.25,0.25
Test_1215,0.25,0.25,0.25,0.25
Test_1216,0.25,0.25,0.25,0.25
Test_1217,0.25,0.25,0.25,0.25
Test_1218,0.25,0.25,0.25,0.25
Test_1219,0.25,0.25,0.25,0.25
Test_1220,0.25,0.25,0.25,0.25
Test_1221,0.25,0.25,0.25,0.25
Test_1222,0.25,0.25,0.25,0.25
Test_1223,0.25,0.25,0.25,0.25
Test_1224,0.25,0.25,0.25,0.25
Test_1225,0.25,0.25,0.25,0.25
Test_1226,0.25,0.25,0.25,0.25
Test_1227,0.25,0.25,0.25,0.25
Test_1228,0.25,0.25,0.25,0.25
Test_1229,0.25,0.25,0.25,0.25
Test_1230,0.25,0.25,0.25,0.25
Test_1231,0.25,0.25,0.25,0.25
Test_1232,0.25,0.25,0.25,0.25
Test_1233,0.25,0.25,0.25,0.25
Test_1234,0.25,0.25,0.25,0.25
Test_1235,0.25,0.25,0.25,0.25
Test_1236,0.25,0.25,0.25,0.25
Test_1237,0.25,0.25,0.25,0.25
Test_1238,0.25,0.25,0.25,0.25
Test_1239,0.25,0.25,0.25,0.25
Test_1240,0.25,0.25,0.25,0.25
Test_1241,0.25,0.25,0.25,0.25
Test_1242,0.25,0.25,0.25,0.25
Test_1243,0.25,0.25,0.25,0.25
Test_1244,0.25,0.25,0.25,0.25
Test_1245,0.25,0.25,0.25,0.25
Test_1246,0.25,0.25,0.25,0.25
Test_1247,0.25,0.25,0.25,0.25
Test_1248,0.25,0.25,0.25,0.25
Test_1249,0.25,0.25,0.25,0.25
Test_1250,0.25,0.25,0.25,0.25
Test_1251,0.25,0.25,0.25,0.25
Test_1252,0.25,0.25,0.25,0.25
Test_1253,0.25,0.25,0.25,0.25
Test_1254,0.25,0.25,0.25,0.25
Test_1255,0.25,0.25,0.25,0.25
Test_1256,0.25,0.25,0.25,0.25
Test_1257,0.25,0.25,0.25,0.25
Test_1258,0.25,0.25,0.25,0.25
Test_1259,0.25,0.25,0.25,0.25
Test_1260,0.25,0.25,0.25,0.25
Test_1261,0.25,0.25,0.25,0.25
Test_1262,0.25,0.25,0.25,0.25
Test_1263,0.25,0.25,0.25,0.25
Test_1264,0.25,0.25,0.25,0.25
Test_1265,0.25,0.25,0.25,0.25
Test_1266,0.25,0.25,0.25,0.25
Test_1267,0.25,0.25,0.25,0.25
Test_1268,0.25,0.25,0.25,0.25
Test_1269,0.25,0.25,0.25,0.25
Test_1270,0.25,0.25,0.25,0.25
Test_1271,0.25,0.25,0.25,0.25
Test_1272,0.25,0.25,0.25,0.25
Test_1273,0.25,0.25,0.25,0.25
Test_1274,0.25,0.25,0.25,0.25
Test_1275,0.25,0.25,0.25,0.25
Test_1276,0.25,0.25,0.25,0.25
Test_1277,0.25,0.25,0.25,0.25
Test_1278,0.25,0.25,0.25,0.25
Test_1279,0.25,0.25,0.25,0.25
Test_1280,0.25,0.25,0.25,0.25
Test_1281,0.25,0.25,0.25,0.25
Test_1282,0.25,0.25,0.25,0.25
Test_1283,0.25,0.25,0.25,0.25
Test_1284,0.25,0.25,0.25,0.25
Test_1285,0.25,0.25,0.25,0.25
Test_1286,0.25,0.25,0.25,0.25
Test_1287,0.25,0.25,0.25,0.25
Test_1288,0.25,0.25,0.25,0.25
Test_1289,0.25,0.25,0.25,0.25
Test_1290,0.25,0.25,0.25,0.25
Test_1291,0.25,0.25,0.25,0.25
Test_1292,0.25,0.25,0.25,0.25
Test_1293,0.25,0.25,0.25,0.25
Test_1294,0.25,0.25,0.25,0.25
Test_1295,0.25,0.25,0.25,0.25
Test_1296,0.25,0.25,0.25,0.25
Test_1297,0.25,0.25,0.25,0.25
Test_1298,0.25,0.25,0.25,0.25
Test_1299,0.25,0.25,0.25,0.25
Test_1300,0.25,0.25,0.25,0.25
Test_1301,0.25,0.25,0.25,0.25
Test_1302,0.25,0.25,0.25,0.25
Test_1303,0.25,0.25,0.25,0.25
Test_1304,0.25,0.25,0.25,0.25
Test_1305,0.25,0.25,0.25,0.25
Test_1306,0.25,0.25,0.25,0.25
Test_1307,0.25,0.25,0.25,0.25
Test_1308,0.25,0.25,0.25,0.25
Test_1309,0.25,0.25,0.25,0.25
Test_1310,0.25,0.25,0.25,0.25
Test_1311,0.25,0.25,0.25,0.25
Test_1312,0.25,0.25,0.25,0.25
Test_1313,0.25,0.25,0.25,0.25
Test_1314,0.25,0.25,0.25,0.25
Test_1315,0.25,0.25,0.25,0.25
Test_1316,0.25,0.25,0.25,0.25
Test_1317,0.25,0.25,0.25,0.25
Test_1318,0.25,0.25,0.25,0.25
Test_1319,0.25,0.25,0.25,0.25
Test_1320,0.25,0.25,0.25,0.25
Test_1321,0.25,0.25,0.25,0.25
Test_1322,0.25,0.25,0.25,0.25
Test_1323,0.25,0.25,0.25,0.25
Test_1324,0.25,0.25,0.25,0.25
Test_1325,0.25,0.25,0.25,0.25
Test_1326,0.25,0.25,0.25,0.25
Test_1327,0.25,0.25,0.25,0.25
Test_1328,0.25,0.25,0.25,0.25
Test_1329,0.25,0.25,0.25,0.25
Test_1330,0.25,0.25,0.25,0.25
Test_1331,0.25,0.25,0.25,0.25
Test_1332,0.25,0.25,0.25,0.25
Test_1333,0.25,0.25,0.25,0.25
Test_1334,0.25,0.25,0.25,0.25
Test_1335,0.25,0.25,0.25,0.25
Test_1336,0.25,0.25,0.25,0.25
Test_1337,0.25,0.25,0.25,0.25
Test_1338,0.25,0.25,0.25,0.25
Test_1339,0.25,0.25,0.25,0.25
Test_1340,0.25,0.25,0.25,0.25
Test_1341,0.25,0.25,0.25,0.25
Test_1342,0.25,0.25,0.25,0.25
Test_1343,0.25,0.25,0.25,0.25
Test_1344,0.25,0.25,0.25,0.25
Test_1345,0.25,0.25,0.25,0.25
Test_1346,0.25,0.25,0.25,0.25
Test_1347,0.25,0.25,0.25,0.25
Test_1348,0.25,0.25,0.25,0.25
Test_1349,0.25,0.25,0.25,0.25
Test_1350,0.25,0.25,0.25,0.25
Test_1351,0.25,0.25,0.25,0.25
Test_1352,0.25,0.25,0.25,0.25
Test_1353,0.25,0.25,0.25,0.25
Test_1354,0.25,0.25,0.25,0.25
Test_1355,0.25,0.25,0.25,0.25
Test_1356,0.25,0.25,0.25,0.25
Test_1357,0.25,0.25,0.25,0.25
Test_1358,0.25,0.25,0.25,0.25
Test_1359,0.25,0.25,0.25,0.25
Test_1360,0.25,0.25,0.25,0.25
Test_1361,0.25,0.25,0.25,0.25
Test_1362,0.25,0.25,0.25,0.25
Test_1363,0.25,0.25,0.25,0.25
Test_1364,0.25,0.25,0.25,0.25
Test_1365,0.25,0.25,0.25,0.25
Test_1366,0.25,0.25,0.25,0.25
Test_1367,0.25,0.25,0.25,0.25
Test_1368,0.25,0.25,0.25,0.25
Test_1369,0.25,0.25,0.25,0.25
Test_1370,0.25,0.25,0.25,0.25
Test_1371,0.25,0.25,0.25,0.25
Test_1372,0.25,0.25,0.25,0.25
Test_1373,0.25,0.25,0.25,0.25
Test_1374,0.25,0.25,0.25,0.25
Test_1375,0.25,0.25,0.25,0.25
Test_1376,0.25,0.25,0.25,0.25
Test_1377,0.25,0.25,0.25,0.25
Test_1378,0.25,0.25,0.25,0.25
Test_1379,0.25,0.25,0.25,0.25
Test_1380,0.25,0.25,0.25,0.25
Test_1381,0.25,0.25,0.25,0.25
Test_1382,0.25,0.25,0.25,0.25
Test_1383,0.25,0.25,0.25,0.25
Test_1384,0.25,0.25,0.25,0.25
Test_1385,0.25,0.25,0.25,0.25
Test_1386,0.25,0.25,0.25,0.25
Test_1387,0.25,0.25,0.25,0.25
Test_1388,0.25,0.25,0.25,0.25
Test_1389,0.25,0.25,0.25,0.25
Test_1390,0.25,0.25,0.25,0.25
Test_1391,0.25,0.25,0.25,0.25
Test_1392,0.25,0.25,0.25,0.25
Test_1393,0.25,0.25,0.25,0.25
Test_1394,0.25,0.25,0.25,0.25
Test_1395,0.25,0.25,0.25,0.25
Test_1396,0.25,0.25,0.25,0.25
Test_1397,0.25,0.25,0.25,0.25
Test_1398,0.25,0.25,0.25,0.25
Test_1399,0.25,0.25,0.25,0.25
Test_1400,0.25,0.25,0.25,0.25
Test_1401,0.25,0.25,0.25,0.25
Test_1402,0.25,0.25,0.25,0.25
Test_1403,0.25,0.25,0.25,0.25
Test_1404,0.25,0.25,0.25,0.25
Test_1405,0.25,0.25,0.25,0.25
Test_1406,0.25,0.25,0.25,0.25
Test_1407,0.25,0.25,0.25,0.25
Test_1408,0.25,0.25,0.25,0.25
Test_1409,0.25,0.25,0.25,0.25
Test_1410,0.25,0.25,0.25,0.25
Test_1411,0.25,0.25,0.25,0.25
Test_1412,0.25,0.25,0.25,0.25
Test_1413,0.25,0.25,0.25,0.25
Test_1414,0.25,0.25,0.25,0.25
Test_1415,0.25,0.25,0.25,0.25
Test_1416,0.25,0.25,0.25,0.25
Test_1417,0.25,0.25,0.25,0.25
Test_1418,0.25,0.25,0.25,0.25
Test_1419,0.25,0.25,0.25,0.25
Test_1420,0.25,0.25,0.25,0.25
Test_1421,0.25,0.25,0.25,0.25
Test_1422,0.25,0.25,0.25,0.25
Test_1423,0.25,0.25,0.25,0.25
Test_1424,0.25,0.25,0.25,0.25
Test_1425,0.25,0.25,0.25,0.25
Test_1426,0.25,0.25,0.25,0.25
Test_1427,0.25,0.25,0.25,0.25
Test_1428,0.25,0.25,0.25,0.25
Test_1429,0.25,0.25,0.25,0.25
Test_1430,0.25,0.25,0.25,0.25
Test_1431,0.25,0.25,0.25,0.25
Test_1432,0.25,0.25,0.25,0.25
Test_1433,0.25,0.25,0.25,0.25
Test_1434,0.25,0.25,0.25,0.25
Test_1435,0.25,0.25,0.25,0.25
Test_1436,0.25,0.25,0.25,0.25
Test_1437,0.25,0.25,0.25,0.25
Test_1438,0.25,0.25,0.25,0.25
Test_1439,0.25,0.25,0.25,0.25
Test_1440,0.25,0.25,0.25,0.25
Test_1441,0.25,0.25,0.25,0.25
Test_1442,0.25,0.25,0.25,0.25
Test_1443,0.25,0.25,0.25,0.25
Test_1444,0.25,0.25,0.25,0.25
Test_1445,0.25,0.25,0.25,0.25
Test_1446,0.25,0.25,0.25,0.25
Test_1447,0.25,0.25,0.25,0.25
Test_1448,0.25,0.25,0.25,0.25
Test_1449,0.25,0.25,0.25,0.25
Test_1450,0.25,0.25,0.25,0.25
Test_1451,0.25,0.25,0.25,0.25
Test_1452,0.25,0.25,0.25,0.25
Test_1453,0.25,0.25,0.25,0.25
Test_1454,0.25,0.25,0.25,0.25
Test_1455,0.25,0.25,0.25,0.25
Test_1456,0.25,0.25,0.25,0.25
Test_1457,0.25,0.25,0.25,0.25
Test_1458,0.25,0.25,0.25,0.25
Test_1459,0.25,0.25,0.25,0.25
Test_1460,0.25,0.25,0.25,0.25
Test_1461,0.25,0.25,0.25,0.25
Test_1462,0.25,0.25,0.25,0.25
Test_1463,0.25,0.25,0.25,0.25
Test_1464,0.25,0.25,0.25,0.25
Test_1465,0.25,0.25,0.25,0.25
Test_1466,0.25,0.25,0.25,0.25
Test_1467,0.25,0.25,0.25,0.25
Test_1468,0.25,0.25,0.25,0.25
Test_1469,0.25,0.25,0.25,0.25
Test_1470,0.25,0.25,0.25,0.25
Test_1471,0.25,0.25,0.25,0.25
Test_1472,0.25,0.25,0.25,0.25
Test_1473,0.25,0.25,0.25,0.25
Test_1474,0.25,0.25,0.25,0.25
Test_1475,0.25,0.25,0.25,0.25
Test_1476,0.25,0.25,0.25,0.25
Test_1477,0.25,0.25,0.25,0.25
Test_1478,0.25,0.25,0.25,0.25
Test_1479,0.25,0.25,0.25,0.25
Test_1480,0.25,0.25,0.25,0.25
Test_1481,0.25,0.25,0.25,0.25
Test_1482,0.25,0.25,0.25,0.25
Test_1483,0.25,0.25,0.25,0.25
Test_1484,0.25,0.25,0.25,0.25
Test_1485,0.25,0.25,0.25,0.25
Test_1486,0.25,0.25,0.25,0.25
Test_1487,0.25,0.25,0.25,0.25
Test_1488,0.25,0.25,0.25,0.25
Test_1489,0.25,0.25,0.25,0.25
Test_1490,0.25,0.25,0.25,0.25
Test_1491,0.25,0.25,0.25,0.25
Test_1492,0.25,0.25,0.25,0.25
Test_1493,0.25,0.25,0.25,0.25
Test_1494,0.25,0.25,0.25,0.25
Test_1495,0.25,0.25,0.25,0.25
Test_1496,0.25,0.25,0.25,0.25
Test_1497,0.25,0.25,0.25,0.25
Test_1498,0.25,0.25,0.25,0.25
Test_1499,0.25,0.25,0.25,0.25
Test_1500,0.25,0.25,0.25,0.25
Test_1501,0.25,0.25,0.25,0.25
Test_1502,0.25,0.25,0.25,0.25
Test_1503,0.25,0.25,0.25,0.25
Test_1504,0.25,0.25,0.25,0.25
Test_1505,0.25,0.25,0.25,0.25
Test_1506,0.25,0.25,0.25,0.25
Test_1507,0.25,0.25,0.25,0.25
Test_1508,0.25,0.25,0.25,0.25
Test_1509,0.25,0.25,0.25,0.25
Test_1510,0.25,0.25,0.25,0.25
Test_1511,0.25,0.25,0.25,0.25
Test_1512,0.25,0.25,0.25,0.25
Test_1513,0.25,0.25,0.25,0.25
Test_1514,0.25,0.25,0.25,0.25
Test_1515,0.25,0.25,0.25,0.25
Test_1516,0.25,0.25,0.25,0.25
Test_1517,0.25,0.25,0.25,0.25
Test_1518,0.25,0.25,0.25,0.25
Test_1519,0.25,0.25,0.25,0.25
Test_1520,0.25,0.25,0.25,0.25
Test_1521,0.25,0.25,0.25,0.25
Test_1522,0.25,0.25,0.25,0.25
Test_1523,0.25,0.25,0.25,0.25
Test_1524,0.25,0.25,0.25,0.25
Test_1525,0.25,0.25,0.25,0.25
Test_1526,0.25,0.25,0.25,0.25
Test_1527,0.25,0.25,0.25,0.25
Test_1528,0.25,0.25,0.25,0.25
Test_1529,0.25,0.25,0.25,0.25
Test_1530,0.25,0.25,0.25,0.25
Test_1531,0.25,0.25,0.25,0.25
Test_1532,0.25,0.25,0.25,0.25
Test_1533,0.25,0.25,0.25,0.25
Test_1534,0.25,0.25,0.25,0.25
Test_1535,0.25,0.25,0.25,0.25
Test_1536,0.25,0.25,0.25,0.25
Test_1537,0.25,0.25,0.25,0.25
Test_1538,0.25,0.25,0.25,0.25
Test_1539,0.25,0.25,0.25,0.25
Test_1540,0.25,0.25,0.25,0.25
Test_1541,0.25,0.25,0.25,0.25
Test_1542,0.25,0.25,0.25,0.25
Test_1543,0.25,0.25,0.25,0.25
Test_1544,0.25,0.25,0.25,0.25
Test_1545,0.25,0.25,0.25,0.25
Test_1546,0.25,0.25,0.25,0.25
Test_1547,0.25,0.25,0.25,0.25
Test_1548,0.25,0.25,0.25,0.25
Test_1549,0.25,0.25,0.25,0.25
Test_1550,0.25,0.25,0.25,0.25
Test_1551,0.25,0.25,0.25,0.25
Test_1552,0.25,0.25,0.25,0.25
Test_1553,0.25,0.25,0.25,0.25
Test_1554,0.25,0.25,0.25,0.25
Test_1555,0.25,0.25,0.25,0.25
Test_1556,0.25,0.25,0.25,0.25
Test_1557,0.25,0.25,0.25,0.25
Test_1558,0.25,0.25,0.25,0.25
Test_1559,0.25,0.25,0.25,0.25
Test_1560,0.25,0.25,0.25,0.25
Test_1561,0.25,0.25,0.25,0.25
Test_1562,0.25,0.25,0.25,0.25
Test_1563,0.25,0.25,0.25,0.25
Test_1564,0.25,0.25,0.25,0.25
Test_1565,0.25,0.25,0.25,0.25
Test_1566,0.25,0.25,0.25,0.25
Test_1567,0.25,0.25,0.25,0.25
Test_1568,0.25,0.25,0.25,0.25
Test_1569,0.25,0.25,0.25,0.25
Test_1570,0.25,0.25,0.25,0.25
Test_1571,0.25,0.25,0.25,0.25
Test_1572,0.25,0.25,0.25,0.25
Test_1573,0.25,0.25,0.25,0.25
Test_1574,0.25,0.25,0.25,0.25
Test_1575,0.25,0.25,0.25,0.25
Test_1576,0.25,0.25,0.25,0.25
Test_1577,0.25,0.25,0.25,0.25
Test_1578,0.25,0.25,0.25,0.25
Test_1579,0.25,0.25,0.25,0.25
Test_1580,0.25,0.25,0.25,0.25
Test_1581,0.25,0.25,0.25,0.25
Test_1582,0.25,0.25,0.25,0.25
Test_1583,0.25,0.25,0.25,0.25
Test_1584,0.25,0.25,0.25,0.25
Test_1585,0.25,0.25,0.25,0.25
Test_1586,0.25,0.25,0.25,0.25
Test_1587,0.25,0.25,0.25,0.25
Test_1588,0.25,0.25,0.25,0.25
Test_1589,0.25,0.25,0.25,0.25
Test_1590,0.25,0.25,0.25,0.25
Test_1591,0.25,0.25,0.25,0.25
Test_1592,0.25,0.25,0.25,0.25
Test_1593,0.25,0.25,0.25,0.25
Test_1594,0.25,0.25,0.25,0.25
Test_1595,0.25,0.25,0.25,0.25
Test_1596,0.25,0.25,0.25,0.25
Test_1597,0.25,0.25,0.25,0.25
Test_1598,0.25,0.25,0.25,0.25
Test_1599,0.25,0.25,0.25,0.25
Test_1600,0.25,0.25,0.25,0.25
Test_1601,0.25,0.25,0.25,0.25
Test_1602,0.25,0.25,0.25,0.25
Test_1603,0.25,0.25,0.25,0.25
Test_1604,0.25,0.25,0.25,0.25
Test_1605,0.25,0.25,0.25,0.25
Test_1606,0.25,0.25,0.25,0.25
Test_1607,0.25,0.25,0.25,0.25
Test_1608,0.25,0.25,0.25,0.25
Test_1609,0.25,0.25,0.25,0.25
Test_1610,0.25,0.25,0.25,0.25
Test_1611,0.25,0.25,0.25,0.25
Test_1612,0.25,0.25,0.25,0.25
Test_1613,0.25,0.25,0.25,0.25
Test_1614,0.25,0.25,0.25,0.25
Test_1615,0.25,0.25,0.25,0.25
Test_1616,0.25,0.25,0.25,0.25
Test_1617,0.25,0.25,0.25,0.25
Test_1618,0.25,0.25,0.25,0.25
Test_1619,0.25,0.25,0.25,0.25
Test_1620,0.25,0.25,0.25,0.25
Test_1621,0.25,0.25,0.25,0.25
Test_1622,0.25,0.25,0.25,0.25
Test_1623,0.25,0.25,0.25,0.25
Test_1624,0.25,0.25,0.25,0.25
Test_1625,0.25,0.25,0.25,0.25
Test_1626,0.25,0.25,0.25,0.25
Test_1627,0.25,0.25,0.25,0.25
Test_1628,0.25,0.25,0.25,0.25
Test_1629,0.25,0.25,0.25,0.25
Test_1630,0.25,0.25,0.25,0.25
Test_1631,0.25,0.25,0.25,0.25
Test_1632,0.25,0.25,0.25,0.25
Test_1633,0.25,0.25,0.25,0.25
Test_1634,0.25,0.25,0.25,0.25
Test_1635,0.25,0.25,0.25,0.25
Test_1636,0.25,0.25,0.25,0.25
Test_1637,0.25,0.25,0.25,0.25
Test_1638,0.25,0.25,0.25,0.25
Test_1639,0.25,0.25,0.25,0.25
Test_1640,0.25,0.25,0.25,0.25
Test_1641,0.25,0.25,0.25,0.25
Test_1642,0.25,0.25,0.25,0.25
Test_1643,0.25,0.25,0.25,0.25
Test_1644,0.25,0.25,0.25,0.25
Test_1645,0.25,0.25,0.25,0.25
Test_1646,0.25,0.25,0.25,0.25
Test_1647,0.25,0.25,0.25,0.25
Test_1648,0.25,0.25,0.25,0.25
Test_1649,0.25,0.25,0.25,0.25
Test_1650,0.25,0.25,0.25,0.25
Test_1651,0.25,0.25,0.25,0.25
Test_1652,0.25,0.25,0.25,0.25
Test_1653,0.25,0.25,0.25,0.25
Test_1654,0.25,0.25,0.25,0.25
Test_1655,0.25,0.25,0.25,0.25
Test_1656,0.25,0.25,0.25,0.25
Test_1657,0.25,0.25,0.25,0.25
Test_1658,0.25,0.25,0.25,0.25
Test_1659,0.25,0.25,0.25,0.25
Test_1660,0.25,0.25,0.25,0.25
Test_1661,0.25,0.25,0.25,0.25
Test_1662,0.25,0.25,0.25,0.25
Test_1663,0.25,0.25,0.25,0.25
Test_1664,0.25,0.25,0.25,0.25
Test_1665,0.25,0.25,0.25,0.25
Test_1666,0.25,0.25,0.25,0.25
Test_1667,0.25,0.25,0.25,0.25
Test_1668,0.25,0.25,0.25,0.25
Test_1669,0.25,0.25,0.25,0.25
Test_1670,0.25,0.25,0.25,0.25
Test_1671,0.25,0.25,0.25,0.25
Test_1672,0.25,0.25,0.25,0.25
Test_1673,0.25,0.25,0.25,0.25
Test_1674,0.25,0.25,0.25,0.25
Test_1675,0.25,0.25,0.25,0.25
Test_1676,0.25,0.25,0.25,0.25
Test_1677,0.25,0.25,0.25,0.25
Test_1678,0.25,0.25,0.25,0.25
Test_1679,0.25,0.25,0.25,0.25
Test_1680,0.25,0.25,0.25,0.25
Test_1681,0.25,0.25,0.25,0.25
Test_1682,0.25,0.25,0.25,0.25
Test_1683,0.25,0.25,0.25,0.25
Test_1684,0.25,0.25,0.25,0.25
Test_1685,0.25,0.25,0.25,0.25
Test_1686,0.25,0.25,0.25,0.25
Test_1687,0.25,0.25,0.25,0.25
Test_1688,0.25,0.25,0.25,0.25
Test_1689,0.25,0.25,0.25,0.25
Test_1690,0.25,0.25,0.25,0.25
Test_1691,0.25,0.25,0.25,0.25
Test_1692,0.25,0.25,0.25,0.25
Test_1693,0.25,0.25,0.25,0.25
Test_1694,0.25,0.25,0.25,0.25
Test_1695,0.25,0.25,0.25,0.25
Test_1696,0.25,0.25,0.25,0.25
Test_1697,0.25,0.25,0.25,0.25
Test_1698,0.25,0.25,0.25,0.25
Test_1699,0.25,0.25,0.25,0.25
Test_1700,0.25,0.25,0.25,0.25
Test_1701,0.25,0.25,0.25,0.25
Test_1702,0.25,0.25,0.25,0.25
Test_1703,0.25,0.25,0.25,0.25
Test_1704,0.25,0.25,0.25,0.25
Test_1705,0.25,0.25,0.25,0.25
Test_1706,0.25,0.25,0.25,0.25
Test_1707,0.25,0.25,0.25,0.25
Test_1708,0.25,0.25,0.25,0.25
Test_1709,0.25,0.25,0.25,0.25
Test_1710,0.25,0.25,0.25,0.25
Test_1711,0.25,0.25,0.25,0.25
Test_1712,0.25,0.25,0.25,0.25
Test_1713,0.25,0.25,0.25,0.25
Test_1714,0.25,0.25,0.25,0.25
Test_1715,0.25,0.25,0.25,0.25
Test_1716,0.25,0.25,0.25,0.25
Test_1717,0.25,0.25,0.25,0.25
Test_1718,0.25,0.25,0.25,0.25
Test_1719,0.25,0.25,0.25,0.25
Test_1720,0.25,0.25,0.25,0.25
Test_1721,0.25,0.25,0.25,0.25
Test_1722,0.25,0.25,0.25,0.25
Test_1723,0.25,0.25,0.25,0.25
Test_1724,0.25,0.25,0.25,0.25
Test_1725,0.25,0.25,0.25,0.25
Test_1726,0.25,0.25,0.25,0.25
Test_1727,0.25,0.25,0.25,0.25
Test_1728,0.25,0.25,0.25,0.25
Test_1729,0.25,0.25,0.25,0.25
Test_1730,0.25,0.25,0.25,0.25
Test_1731,0.25,0.25,0.25,0.25
Test_1732,0.25,0.25,0.25,0.25
Test_1733,0.25,0.25,0.25,0.25
Test_1734,0.25,0.25,0.25,0.25
Test_1735,0.25,0.25,0.25,0.25
Test_1736,0.25,0.25,0.25,0.25
Test_1737,0.25,0.25,0.25,0.25
Test_1738,0.25,0.25,0.25,0.25
Test_1739,0.25,0.25,0.25,0.25
Test_1740,0.25,0.25,0.25,0.25
Test_1741,0.25,0.25,0.25,0.25
Test_1742,0.25,0.25,0.25,0.25
Test_1743,0.25,0.25,0.25,0.25
Test_1744,0.25,0.25,0.25,0.25
Test_1745,0.25,0.25,0.25,0.25
Test_1746,0.25,0.25,0.25,0.25
Test_1747,0.25,0.25,0.25,0.25
Test_1748,0.25,0.25,0.25,0.25
Test_1749,0.25,0.25,0.25,0.25
Test_1750,0.25,0.25,0.25,0.25
Test_1751,0.25,0.25,0.25,0.25
Test_1752,0.25,0.25,0.25,0.25
Test_1753,0.25,0.25,0.25,0.25
Test_1754,0.25,0.25,0.25,0.25
Test_1755,0.25,0.25,0.25,0.25
Test_1756,0.25,0.25,0.25,0.25
Test_1757,0.25,0.25,0.25,0.25
Test_1758,0.25,0.25,0.25,0.25
Test_1759,0.25,0.25,0.25,0.25
Test_1760,0.25,0.25,0.25,0.25
Test_1761,0.25,0.25,0.25,0.25
Test_1762,0.25,0.25,0.25,0.25
Test_1763,0.25,0.25,0.25,0.25
Test_1764,0.25,0.25,0.25,0.25
Test_1765,0.25,0.25,0.25,0.25
Test_1766,0.25,0.25,0.25,0.25
Test_1767,0.25,0.25,0.25,0.25
Test_1768,0.25,0.25,0.25,0.25
Test_1769,0.25,0.25,0.25,0.25
Test_1770,0.25,0.25,0.25,0.25
Test_1771,0.25,0.25,0.25,0.25
Test_1772,0.25,0.25,0.25,0.25
Test_1773,0.25,0.25,0.25,0.25
Test_1774,0.25,0.25,0.25,0.25
Test_1775,0.25,0.25,0.25,0.25
Test_1776,0.25,0.25,0.25,0.25
Test_1777,0.25,0.25,0.25,0.25
Test_1778,0.25,0.25,0.25,0.25
Test_1779,0.25,0.25,0.25,0.25
Test_1780,0.25,0.25,0.25,0.25
Test_1781,0.25,0.25,0.25,0.25
Test_1782,0.25,0.25,0.25,0.25
Test_1783,0.25,0.25,0.25,0.25
Test_1784,0.25,0.25,0.25,0.25
Test_1785,0.25,0.25,0.25,0.25
Test_1786,0.25,0.25,0.25,0.25
Test_1787,0.25,0.25,0.25,0.25
Test_1788,0.25,0.25,0.25,0.25
Test_1789,0.25,0.25,0.25,0.25
Test_1790,0.25,0.25,0.25,0.25
Test_1791,0.25,0.25,0.25,0.25
Test_1792,0.25,0.25,0.25,0.25
Test_1793,0.25,0.25,0.25,0.25
Test_1794,0.25,0.25,0.25,0.25
Test_1795,0.25,0.25,0.25,0.25
Test_1796,0.25,0.25,0.25,0.25
Test_1797,0.25,0.25,0.25,0.25
Test_1798,0.25,0.25,0.25,0.25
Test_1799,0.25,0.25,0.25,0.25
Test_1800,0.25,0.25,0.25,0.25
Test_1801,0.25,0.25,0.25,0.25
Test_1802,0.25,0.25,0.25,0.25
Test_1803,0.25,0.25,0.25,0.25
Test_1804,0.25,0.25,0.25,0.25
Test_1805,0.25,0.25,0.25,0.25
Test_1806,0.25,0.25,0.25,0.25
Test_1807,0.25,0.25,0.25,0.25
Test_1808,0.25,0.25,0.25,0.25
Test_1809,0.25,0.25,0.25,0.25
Test_1810,0.25,0.25,0.25,0.25
Test_1811,0.25,0.25,0.25,0.25
Test_1812,0.25,0.25,0.25,0.25
Test_1813,0.25,0.25,0.25,0.25
Test_1814,0.25,0.25,0.25,0.25
Test_1815,0.25,0.25,0.25,0.25
Test_1816,0.25,0.25,0.25,0.25
Test_1817,0.25,0.25,0.25,0.25
Test_1818,0.25,0.25,0.25,0.25
Test_1819,0.25,0.25,0.25,0.25
Test_1820,0.25,0.25,0.25,0.25
